序号,日期,指导方式,阶段主题,本次指导内容,发现问题,指导意见与后续安排
1,2026-01-03,线上,课题理解与任务分解,围绕多模态实体对齐模型可迁移能力研究讨论任务书要求开题方向和预期交付物，明确研究重点是迁移能力而非单一数据集最高分,学生对主线任务和扩展实验的边界理解还不够清楚,建议先梳理任务书开题报告和已有基线工作，建立主线优先的研究计划并形成阶段里程碑
2,2026-01-10,线上,文献阅读与开题材料准备,检查前期文献阅读情况并讨论多模态实体对齐领域适应伪标签质量控制相关论文的阅读重点,阅读记录较分散尚未沉淀成与课题直接对应的问题定义,要求把文献内容按研究问题方法不足对本课题启发的方式整理
3,2026-01-17,线上,环境与数据准备,检查Conda环境数据目录和脚本入口搭建情况，确认DBP15K与跨图谱数据已能够统一读取,环境和目录能用但可复现记录机制还不完整,建议同步建立日志配置run card和结果导出规范避免后续实验无法追溯
4,2026-01-28,线上,基线复现推进,汇报MEAformer基线在跨语言与跨图谱场景的复现进度并讨论基线是否达到后续对照要求,早期结果零散不便于做统一比较,要求尽快形成固定对照口径并明确正式seed设置指标格式和主结果入口文件
5,2026-02-06,线上,方法接入与受控实验,汇报迁移增强模块的接入情况并开始在受控预算下比较基线与方法差异,方法已有能力入口但早期受控实验增益不明显结论还不稳定,建议保留受控实验作为阶段依据同时继续向正式迁移链路推进
6,2026-02-15,线上,迁移实验链路固定,检查source-train到target-adapt再到target-eval链路的实现情况并讨论目标域自适应流程与伪标签质量控制设计,不同目标域配置差异较大容易造成后续结果难对齐,要求继续统一脚本入口与结果留痕方式并优先完成正式主线所需目标域
7,2026-02-25,线上,四目标域正式结果收集,汇报ja_en fr_en FBDB15K FBYG15K的正式结果进展并讨论是否满足中期检查有阶段性结果的要求,结果开始成形但统计支持与分析材料还不够完整,建议在主结果基础上补做显著性分析案例分析和效率整理增强结果可信度
8,2026-03-05,线上,结果分析与论文线索,检查主结果表显著性检验和案例分析初稿并讨论论文中如何解释目标域间差异,学生容易把辅助材料写成主线结论存在夸大风险,强调所有表述都要服从证据边界区分主线结论辅助支撑和未来工作
9,2026-03-12,线上,中期材料与过程记录检查,检查中期报告草稿README日志和项目记录确认是否具备中期提交条件,指导记录数量报告口径和项目材料之间还需要进一步对齐,要求补足系统指导记录统一已完成内容存在问题和下一阶段计划的表达口径
10,2026-03-19,线上,中期报告定稿与后续安排,审看中期报告最终稿10次指导记录建议稿和后续论文收口计划确认主线材料已经较完整,下一阶段仍面临论文表达材料整合和边界控制问题,建议后续重点转向论文定稿附录整理和答辩准备继续保持结论保守材料可追溯
